id,term,lang,lang_name,pos,register,severity,severity_label,categories,is_slur,slur_type,context_dependent,gloss_en,literal_en,variants,euphemisms,formal_equivalent,etymology,notes,false_friends,also_used_in,confidence,sources
bcl-boto,boto,bcl,Bikol Central,n,standard,3,strong,sexual-anatomy,False,,False,penis (vulgar),,,,,,,'boto' = vote in Tagalog/Bikol civic usage — innocent and extremely common,,high,aninipot
bcl-buraot,buraot,bcl,Bikol Central,adj,slang,1,mild,insult-character,False,,False,mooch; greedy freeloader,,,,,,Bikol slang that spread nationally through memes and showbiz.,,tgl,high,model
bcl-buray,buray,bcl,Bikol Central,n,standard,3,strong,sexual-anatomy,False,,False,vagina (vulgar),,buday,,,,,,,high,aninipot|model
bcl-buray-ni-ina-mo,buray ni ina mo,bcl,Bikol Central,phrase,standard,4,severe,sexual-anatomy|family-honor,False,,False,your mother's vagina — the heavy Bikol curse,,burayniinamo|buray ni ina,,,,,,,medium,model
bcl-etoks,etoks,bcl,Bikol Central,n,slang,1,mild,insult-character,False,,False,annoying attention-seeker (from 'stalker'),,,,,,,,,low,aninipot
bcl-kado,kado,bcl,Bikol Central,intj,standard,2,moderate,sexual-act|expletive,False,,False,sex-act expletive used for frustration or surprise,,,,,,,,,medium,aninipot
bcl-lintian,lintian,bcl,Bikol Central,intj,standard,1,mild,expletive|malediction,False,,False,lightning-curse (cf. lintik/linte),,linti,,,,,,,medium,model
bcl-masimot,masimot,bcl,Bikol Central,intj,standard,2,moderate,malediction,False,,False,'may you be eaten (by an aswang)' — ill-wishing curse,,,,,,Invokes the aswang of Bikol folklore.,,,medium,aninipot
bcl-masing-gan,masing-gan,bcl,Bikol Central,n,slang,1,mild,insult-character,False,,False,motor-mouth; nag (from 'machine gun'),,,,,English 'machine gun',,,,medium,aninipot
bcl-pisot,pisot,bcl,Bikol Central,adj,standard,2,moderate,masculinity-taunt,False,,False,uncircumcised (taunt; cf. Tagalog 'supot'),,,,,,,,,medium,model
bcl-uyam,uyam,bcl,Bikol Central,intj,standard,1,mild,expletive,False,,False,expression of deep annoyance/frustration,,,,,,,,,medium,aninipot
cbk-carajo,carajo,cbk,Chavacano (Zamboangueño),intj,standard,2,moderate,expletive,False,,False,damn it (Spanish 'carajo'),,karaho,,,,,,,medium,model
cbk-chinga,chinga,cbk,Chavacano (Zamboangueño),intj,standard,4,severe,expletive|sexual-act,False,,False,fuck (the Chavacano F-word),,chinga vos|chingar,,,Spanish 'chingar',,,,high,bienchabacano
cbk-chingona,chingona,cbk,Chavacano (Zamboangueño),n,standard,3,strong,insult-character,False,,True,"female-directed 'chinga' derivative — offensive, though sometimes affectionate between close friends",,,,,,,,,high,bienchabacano
cbk-cono,coño,cbk,Chavacano (Zamboangueño),intj,standard,3,strong,sexual-anatomy|expletive,False,,False,cunt; damn (retains full Spanish vulgarity in Chavacano),,cono|konyo,,,,,"Manila slang 'conyo/konyo' = posh rich kid — mild tease, not vulgar",,high,bienchabacano
cbk-cono-de-vos-nana,coño de vos nana,cbk,Chavacano (Zamboangueño),phrase,standard,4,severe,sexual-anatomy|family-honor,False,,False,your mother's cunt,,conyobohnana|coño vos nana|cono de vos nana,coconana|chipla te,,,,,,high,bienchabacano
cbk-de-mal-herencia,de mal herencia,cbk,Chavacano (Zamboangueño),phrase,standard,2,moderate,insult-character|family-honor,False,,False,of bad breeding / bad blood,,,,,,,,,medium,bienchabacano
cbk-maleducao,maleducao,cbk,Chavacano (Zamboangueño),adj,standard,1,mild,insult-character,False,,False,ill-mannered; rude,,mal educao,,,,,,,high,bienchabacano
cbk-pendejo,pendejo,cbk,Chavacano (Zamboangueño),n,standard,2,moderate,insult-intelligence,False,,False,idiot; coward,,pendeja,,,,,,,high,bienchabacano
cbk-salvaje,salvaje,cbk,Chavacano (Zamboangueño),adj,standard,2,moderate,insult-character,False,,False,savage; brute (cf. Tagalog 'salbahe'),,,,,,,,,high,bienchabacano
cbk-tonto,tonto,cbk,Chavacano (Zamboangueño),adj,standard,2,moderate,insult-intelligence,False,,False,fool,,tonta,,,,,,,high,bienchabacano
ceb-amaw,amaw,ceb,Cebuano / Bisaya,adj,standard,2,moderate,insult-intelligence,False,,False,fool; dimwit,,amew,,,,,,,high,talkbisaya|bisdak
ceb-animal,animal,ceb,Cebuano / Bisaya,n,standard,2,moderate,animal-comparison,False,,False,beast! — person without manners,,animel|animala|nimal|animal ka,,,,,,hil|tgl,high,bisdak|gelhmo
ceb-atay,atay,ceb,Cebuano / Bisaya,intj,standard,1,mild,expletive,False,,False,'liver!' — damn / shoot,liver,ataya|atay atay|taya,,,,Everyday frustration word; escalates in combos ('ataya sad nimo oy').,,,high,talkbisaya|bisdak
ceb-bayot,bayot,ceb,Cebuano / Bisaya,n,standard,2,moderate,slur-homophobic,True,homophobic,True,gay man — neutral identity term in-group; slur in hostile use; also 'coward' taunt,,bayut|bayota|bayot ka,,,,Same moderation caution as Tagalog 'bakla': do not auto-block.,,,high,model
ceb-bilat,bilat,ceb,Cebuano / Bisaya,n,standard,3,strong,sexual-anatomy,False,,False,vagina (vulgar),,bilata|bilat nimo,,,,Recognized (and offensive) far beyond the Visayas.,,hil,high,gelhmo|model
ceb-bilat-sa-iyang-ina,bilat sa iyang ina,ceb,Cebuano / Bisaya,phrase,standard,4,severe,sexual-anatomy|family-honor,False,,False,his/her mother's vagina — top-tier Bisaya curse,,bilat sa imong ina|bilat sa ina|bilatsaiyangina|bsii,bilat sa manok,,,,,,high,model
ceb-bilat-sa-manok,bilat sa manok,ceb,Cebuano / Bisaya,phrase,euphemism,1,mild,expletive,False,,False,'chicken's vagina' — jokey minced form of the mother curse,,,,,,,,,medium,model
ceb-bisong,bisong,ceb,Cebuano / Bisaya,n,standard,3,strong,sexual-anatomy,False,,False,"vagina (vulgar, Cebu street usage)",,,,,,,,,medium,model
ceb-bogo,bogo,ceb,Cebuano / Bisaya,adj,standard,2,moderate,insult-intelligence,False,,False,stupid; slow-witted,,bogo-bogo|ka bogo,,,,,,,high,talkbisaya
ceb-buang,buang,ceb,Cebuano / Bisaya,adj,standard,2,moderate,insult-mental,False,,False,crazy; fool,,boang|buanga|buang-buang|binuang|buing|kabuang,,,,Ranges from playful teasing to genuine insult depending on tone.,,hil|war|tgl,high,talkbisaya|bisdak|lingopie|gelhmo
ceb-giatay,giatay,ceb,Cebuano / Bisaya,intj,standard,2,moderate,expletive|malediction,False,,False,'struck by (chicken) liver-plague' — damn it / drop dead,,gi-atay|giatay!|giatayng,,,gi- (affected by) + atay (liver); references fowl pest disease,,,,high,model
ceb-hungog,hungog,ceb,Cebuano / Bisaya,adj,standard,2,moderate,insult-intelligence,False,,False,stupid; dense,,hungug,,,,,,,medium,model
ceb-iyot,iyot,ceb,Cebuano / Bisaya,v,standard,3,strong,sexual-act,False,,False,to fuck (pan-Visayan),,yot|i-yot|giiyot|iyota|iyot ka,,,,,,hil|war|tgl,high,gelhmo|model
ceb-kayat,kayat,ceb,Cebuano / Bisaya,v,standard,3,strong,sexual-act,False,,False,"to copulate (vulgar, dialectal)",,,,,,,,,medium,kaikki
ceb-kayata,kayata,ceb,Cebuano / Bisaya,intj,standard,2,moderate,expletive,False,,False,strong exclamation derived from 'kayat' — roughly 'fucking hell',,kayatah|kayasa,,,,,,,medium,bisdak|kaikki|quora-ceb
ceb-kulira,kulira,ceb,Cebuano / Bisaya,intj,standard,2,moderate,expletive|malediction,False,,False,cholera-curse — like 'giatay',,kulera,,,Spanish 'colera' (cholera),,,,medium,quora-ceb
ceb-ngitngit,ngitngit,ceb,Cebuano / Bisaya,adj,standard,2,moderate,insult-appearance,False,,False,dark/gloomy — used to call someone ugly,,ngit-ngit,,,,,,,medium,talkbisaya
ceb-otin,otin,ceb,Cebuano / Bisaya,n,standard,3,strong,sexual-anatomy,False,,False,penis (vulgar),,utin|otina,,,,,,war|tgl,high,wp|model
ceb-pakyas,pakyas,ceb,Cebuano / Bisaya,n,standard,2,moderate,insult-character,False,,False,failure; loser,,,,,,,,,medium,talkbisaya
ceb-pesteng-yawa,pesteng yawa,ceb,Cebuano / Bisaya,phrase,standard,2,moderate,expletive|religious,False,,False,damn devil! — intensified double expletive,,pisting yawa|pesting yawa,,,,,,hil|tgl,high,lingopie|gelhmo
ceb-pisti,pisti,ceb,Cebuano / Bisaya,intj,standard,2,moderate,expletive,False,,False,pest! — damn,,piste|pisti!|piskot|piskat,,,Spanish 'peste' (plague),,,hil|war,high,talkbisaya|bisdak
ceb-walay-ulaw,walay ulaw,ceb,Cebuano / Bisaya,phrase,standard,2,moderate,insult-character,False,,False,shameless,,way ulaw|walay ulaw ka,,,,,,,high,model
ceb-yati,yati,ceb,Cebuano / Bisaya,intj,euphemism,1,mild,expletive,False,,False,minced 'yawa' — dang,,yatis|yati ra,,,,,,,medium,model
ceb-yawa,yawa,ceb,Cebuano / Bisaya,intj,standard,2,moderate,expletive|religious,False,,False,devil! — the signature Bisaya expletive,,yawa!|yawaa|yaws|yawards|yawa ka|ka yawa,yati|yamat,,"From Malitong Yawa, a figure in the Panay epic Hinilawod; demonized under Spanish evangelization and turned into a curse","Playful among friends, strong in anger; ubiquitous across the Visayas and Mindanao.",,war|hil|tgl,high,talkbisaya|bisdak|spotph|gelhmo
eng-asshole,asshole,eng,English (Philippine code-switching),expr,standard,3,strong,insult-character,False,,False,asshole,,a-hole|asshat,,,,,,,high,model
eng-bitch,bitch,eng,English (Philippine code-switching),expr,standard,3,strong,insult-character|slur-sexist,True,sexist,True,bitch (gendered insult),,btch|bish|bicth,,,,'bish'/'beshie-bish' can be affectionate among friends — context matters.,,,high,model
eng-bullshit,bullshit,eng,English (Philippine code-switching),expr,standard,2,moderate,expletive|scatological,False,,False,bullshit,,bs|bullsht,,,,,,,high,model
eng-damn,damn,eng,English (Philippine code-switching),expr,standard,1,mild,expletive,False,,False,damn,,dammit|damn it|damn ka,,,,,,,high,model
eng-fuck,fuck,eng,English (Philippine code-switching),expr,standard,3,strong,expletive|sexual-act,False,,False,fuck (freely mixed into Taglish),,fck|fk|fvck|fuk|fucking|fckng,pak|pakshet|frick|eff,,,Upper/middle-class Taglish uses raw English profanity heavily.,,tgl|ceb,high,wp|model
eng-motherfucker,motherfucker,eng,English (Philippine code-switching),expr,standard,3,strong,expletive|family-honor,False,,False,motherfucker (less common in PH usage than putang ina),,mf|mofo|motherfcker,,,,,,,high,model
eng-retard,retard,eng,English (Philippine code-switching),expr,standard,3,strong,slur-ableist,True,ableist,False,ableist slur (borrowed intact into PH online speech),,retarded|tard,,,,,,,high,model
eng-shit,shit,eng,English (Philippine code-switching),expr,standard,2,moderate,expletive|scatological,False,,False,shit,,sht|shitty,shet|shocks|shux,,,,,tgl|ceb,high,model
eng-son-of-a-bitch,son of a bitch,eng,English (Philippine code-switching),phrase,standard,3,strong,family-honor|insult-character,False,,False,son of a bitch,,sob|sonofabitch,sanamagan|sonamagan,,,,,,high,model
hil-agi,agi,hil,Hiligaynon / Ilonggo,n,standard,3,strong,slur-homophobic,True,homophobic,True,"gay man (Ilonggo/Karay-a) — derogatory in hostile use, reclaimed by some in-group",,agi ka,,,,,'agi' in Cebuano/Waray = 'to pass by / trace' — innocent,,high,gelhmo
hil-agitot,agitot,hil,Hiligaynon / Ilonggo,n,standard,3,strong,slur-homophobic,True,homophobic,False,harsher derivative of 'agi',,,,,,,,,medium,gelhmo
hil-alpot,alpot,hil,Hiligaynon / Ilonggo,n,standard,3,strong,sex-work|insult-character,False,,False,promiscuous person; whore,,,,,,,,,medium,gelhmo
hil-batinggilan,batinggilan,hil,Hiligaynon / Ilonggo,adj,standard,1,mild,insult-character,False,,False,stubborn; hard-headed,,,,,,,,,high,gelhmo
hil-bigaon,biga-on,hil,Hiligaynon / Ilonggo,adj,standard,2,moderate,sexual-general|insult-character,False,,False,lustful / horny (typically hurled at women),,bigaon,,,,,,,high,gelhmo
hil-bilat-sang-iloy-mo,bilat sang iloy mo,hil,Hiligaynon / Ilonggo,phrase,standard,4,severe,sexual-anatomy|family-honor,False,,False,your mother's vagina,,bilat sang iloy|bilat inana|bilat inamo,,,,,,,high,gelhmo
hil-bulay-ug,bulay-ug,hil,Hiligaynon / Ilonggo,adj,standard,2,moderate,insult-character,False,,False,useless; good-for-nothing,,,,,,,,,medium,gelhmo
hil-burat,burat,hil,Hiligaynon / Ilonggo,adj,slang,1,mild,expletive,False,,False,drunk; wasted (mild colloquial),,,,,,,"Tagalog 'burat' = penis (strong vulgarity) — same string, very different weight",,medium,model
hil-burikat,burikat,hil,Hiligaynon / Ilonggo,n,standard,3,strong,sex-work|slur-sexist,True,sexist,False,prostitute (derogatory),,,,,,,,ceb,high,gelhmo
hil-damuhal,damuhal,hil,Hiligaynon / Ilonggo,adj,standard,2,moderate,insult-character,False,,False,crude; ill-mannered,,,,,,,,,medium,gelhmo
hil-hangag,hangag,hil,Hiligaynon / Ilonggo,adj,standard,2,moderate,insult-intelligence,False,,False,stupid; airheaded,,,,,,,,,high,gelhmo
hil-linte,linte,hil,Hiligaynon / Ilonggo,intj,standard,2,moderate,expletive|malediction,False,,False,lightning! — damn (Visayan counterpart of 'lintik'),,linti|lintian|lilintian|linte ka,,,,,,ceb|war,high,gelhmo
hil-panulay,panulay,hil,Hiligaynon / Ilonggo,n,standard,2,moderate,religious|insult-character,False,,False,devil; tempter,,panulay ka,,,,,,,high,gelhmo
hil-putyong,putyong,hil,Hiligaynon / Ilonggo,adj,standard,2,moderate,masculinity-taunt,False,,False,uncircumcised (taunt; cf. Tagalog 'supot'),,,,,,,,,medium,gelhmo
hil-wala-sing-huya,wala sing huya,hil,Hiligaynon / Ilonggo,phrase,standard,2,moderate,insult-character,False,,False,shameless,,wala huya|wala sing huya ka,,,,,,,medium,model
hil-yamuhat,yamuhat,hil,Hiligaynon / Ilonggo,n,standard,2,moderate,insult-character,False,,False,general insult (roughly 'wretch'),,,,,,Attested in an Ilonggo word list with an unclear gloss — verify with native speakers.,,,low,gelhmo
hil-yudiputa,yudiputa,hil,Hiligaynon / Ilonggo,intj,standard,4,severe,family-honor|expletive,False,,False,son of a whore (from Spanish 'hijo de puta'),,diputa|dipuga|yudi puta,,,Spanish 'hijo de puta',,,,high,gelhmo
ilo-bagtit,bagtit,ilo,Ilocano,adj,standard,2,moderate,insult-mental,False,,False,crazy,,agbagtit,,,,,,,medium,model
ilo-buto,buto,ilo,Ilocano,n,standard,3,strong,sexual-anatomy,False,,False,penis (vulgar),,,,,,,Tagalog 'buto' = bone / seed — completely innocent; flagship cross-language false friend,,high,model
ilo-lastog,lastog,ilo,Ilocano,adj,standard,1,mild,insult-character,False,,False,braggart; boastful,,,,,,,,,medium,model
ilo-maag,maag,ilo,Ilocano,adj,standard,2,moderate,insult-intelligence,False,,False,fool; simpleton,,,,,,,,,medium,model
ilo-takki,takki,ilo,Ilocano,n,standard,1,mild,scatological,False,,False,shit,,takki!|agtakki,,,,,,,high,model
ilo-tunggak,tunggak,ilo,Ilocano,adj,standard,2,moderate,insult-intelligence,False,,False,dimwit; dunce,,,,,,,,tgl,medium,spotph|model
ilo-uki,uki,ilo,Ilocano,n,standard,3,strong,sexual-anatomy,False,,False,vagina (vulgar),,,,,,,'uke' in anime/BL fandom slang and 'uki' as a nickname are innocent,,high,model
ilo-ukinnam,ukinnam,ilo,Ilocano,intj,standard,4,severe,sexual-anatomy|family-honor,False,,False,your mother's vagina — THE Ilocano curse,,ukininam|okinnam|okinam|ukinam|ukinnana|kinnam,,,uki (vagina) + ina (mother) + -m (your),'ukinnana' is the third-person form ('his/her mother's...'); 'kinnam' is a clipped variant.,,pag,high,model
pag-ambagel,ambagel,pag,Pangasinan,adj,standard,2,moderate,insult-mental,False,,False,crazy; stupid,,ambagel ka|ambagel ka lasi,,,,Dictionary-attested (Glosbe); 'ambagel ka lasi' is a common combo taunt.,,,medium,glosbe-pag
pag-anak-na-lasi,anak na lasi,pag,Pangasinan,phrase,standard,2,moderate,malediction|family-honor,False,,False,'child of lightning' — signature Pangasinan curse,,analasi|anak lasi,,,,,,,medium,glosbe-pag|model
pag-lasi,lasi,pag,Pangasinan,intj,standard,1,mild,expletive|malediction,False,,False,lightning! — damn (cf. Tagalog 'lintik'),,ka lasi|lasi!,,,,,,,medium,glosbe-pag|model
pam-anakputa,anakputa,pam,Kapampangan,intj,standard,3,strong,family-honor|expletive,False,,True,"son of a whore — but culturally softened, an all-purpose Kapampangan exclamation",,nakputa|anak na puta|anakaputa,,,Spanish 'puta',"Kapampangans famously use it for joy, grief, anger, fear, even affection ('Lab da ka, anakputa!') — treat as severity 2 in clearly friendly contexts.",,,high,sunstar|fb-pampanga
pam-antac-nang-inda-mo,antac nang inda mo,pam,Kapampangan,phrase,archaic,4,severe,sexual-anatomy|family-honor,False,,False,your mother's private parts (recorded in a 1732 dictionary),,antak nang inda mo,,,,Historical/archaic; kept for linguistic completeness rather than live moderation.,,,low,sunstar
pam-bolang,bolang,pam,Kapampangan,adj,standard,2,moderate,insult-intelligence,False,,False,stupid,,,,,,,,,medium,sunstar
pam-dana,dana,pam,Kapampangan,intj,euphemism,1,mild,expletive,False,,False,"all-purpose exclamation ('oh my God'), euphemized from an ancient genital reference",,'dana|damo|'damo,,,Clipped from an old Kapampangan vulgarity recorded in colonial dictionaries,,,,medium,sunstar|fb-pampanga
pam-kesehoda,kesehoda,pam,Kapampangan,intj,slang,1,mild,expletive,False,,False,'to hell with it / whatever' (from Spanish 'que se joda'),,que se hoda|keseoda|kesejoda,,,Spanish 'que se joda',,,tgl,high,sunstar|model
pam-maburug-ka-sa,maburug ka sa,pam,Kapampangan,phrase,archaic,3,strong,malediction,False,,False,may your body be covered in scabies (ancestral curse),,,,,,,,,low,sunstar
pam-murit,murit,pam,Kapampangan,adj,standard,2,moderate,insult-intelligence,False,,False,moron,,,,,,,,,medium,sunstar
pam-sakdapul,sakdapul,pam,Kapampangan,intj,archaic,3,strong,malediction,False,,False,may you burn / may you vanish (ancestral curse),,sacdapul,,,,,,,low,sunstar
pam-tarantadu,tarantadu,pam,Kapampangan,adj,standard,2,moderate,insult-character,False,,False,jerk; scoundrel (shared with Tagalog 'tarantado'),,gagu,,,,Borrowed Tagalog/Spanish insults take Kapampangan spelling (-u endings).,,,high,model
tgl-abnoy,abnoy,tgl,Tagalog / Filipino,n,slang,3,strong,slur-ableist,True,ableist,False,clipped 'abnormal' — derogatory for people with disabilities; also a political taunt,,,,,,,,,high,model
tgl-ahas,ahas,tgl,Tagalog / Filipino,n,standard,2,moderate,animal-comparison,False,,True,'snake' — traitor; backstabber,,,,,,,,,high,model
tgl-amputa,amputa,tgl,Tagalog / Filipino,expr,slang,3,strong,expletive,False,,False,"clipped 'ay, puta!' (oh, whore) — damn it",,ampota|amputang,amp,,,'amp' is the ubiquitous chat/text softened form (severity 1).,,,high,model
tgl-anak-ng-puta,anak ng puta,tgl,Tagalog / Filipino,phrase,standard,4,severe,family-honor|expletive,False,,False,son of a whore,,anak ka ng puta|anakngputa|anak ng pota,anak ng tokwa|anak ng tinapa|anak ng tipaklong|anak ng kamote|anak ng pating,,,The 'anak ng <food/animal>' euphemism series is productive and playful (severity 1).,,,high,wp|model
tgl-baboy,baboy,tgl,Tagalog / Filipino,n,standard,2,moderate,animal-comparison,False,,True,'pig' — slob; glutton,,,,,,Innocent literal sense (pork/pig) is extremely common — context required.,,,high,model
tgl-badaf,badaf,tgl,Tagalog / Filipino,n,slang,1,mild,slur-homophobic,True,homophobic,True,gay (swardspeak),,,,,,,,,medium,model
tgl-bading,bading,tgl,Tagalog / Filipino,n,slang,1,mild,slur-homophobic,True,homophobic,True,"gay (colloquial, usually light)",,,,,,,,,high,model
tgl-baduy,baduy,tgl,Tagalog / Filipino,adj,slang,1,mild,insult-character|insult-appearance,False,,True,tacky; unfashionable,,,,,,,,,high,model
tgl-bakla,bakla,tgl,Tagalog / Filipino,n,standard,2,moderate,slur-homophobic,True,homophobic,True,gay man / effeminate man — neutral identity term in most everyday and in-group use; slur only in hostile framing,,baklang|mga bakla|bakla ka,,,,IMPORTANT for moderation: widely self-applied and affectionate; auto-blocking it over-censors LGBT speech. Flag only with hostile context.,,,high,model
tgl-baklang-kanal,baklang kanal,tgl,Tagalog / Filipino,phrase,slang,3,strong,slur-homophobic,True,homophobic,False,'gutter gay' — vulgar mocking phrase,,,,,,,,,medium,model
tgl-baliw,baliw,tgl,Tagalog / Filipino,adj,standard,1,mild,insult-mental,False,,False,crazy,,kabaliwan|baliw ka,,,,,,,high,model
tgl-baluga,baluga,tgl,Tagalog / Filipino,n,standard,2,moderate,slur-ethnic,True,ethnic,True,term for Aeta/Negrito people — derogatory when used as an insult,,,,,,Also appears in neutral community/place names; do not auto-block.,,,medium,model
tgl-bansot,bansot,tgl,Tagalog / Filipino,adj,standard,2,moderate,insult-appearance,False,,False,stunted; runt,,,,,,,,,high,model
tgl-batuta,batuta,tgl,Tagalog / Filipino,n,slang,2,moderate,sexual-anatomy,False,,True,penis (jokey slang; literally 'nightstick/baton'),baton,,,,,Literal 'baton' sense is innocent and common.,,,high,model
tgl-bayag,bayag,tgl,Tagalog / Filipino,n,standard,3,strong,sexual-anatomy,False,,False,testicles / scrotum (vulgar),,,itlog,,,'itlog' (egg) is a jokey euphemism — innocent in food contexts.,,,high,wp
tgl-bobo,bobo,tgl,Tagalog / Filipino,adj,standard,2,moderate,insult-intelligence,False,,False,dumb; slow-witted,,boba|bobong|kabobohan|bobo mo,,,Spanish 'bobo' (silly),,'bobo' is a harmless word/name in Spanish and several languages,,high,lingopie|wp
tgl-brotsa,brotsa,tgl,Tagalog / Filipino,n,slang,3,strong,sexual-act,False,,False,cunnilingus (vulgar),,brocha,,,Spanish 'brocha' (paintbrush),,,,high,wp
tgl-bruha,bruha,tgl,Tagalog / Filipino,n,standard,2,moderate,insult-character,False,,False,witch; shrew (gendered),,bruho|bruhang,,,Spanish 'bruja',,,,high,model
tgl-bugok,bugok,tgl,Tagalog / Filipino,adj,standard,2,moderate,insult-intelligence,False,,False,idiot; literally 'rotten egg',rotten egg,,,,,,,hil|pam,high,wp|gelhmo|sunstar
tgl-bumbay,bumbay,tgl,Tagalog / Filipino,n,standard,2,moderate,slur-ethnic,True,ethnic,True,for Indians (from 'Bombay'); stereotype-laden,,,,,,,,,high,model
tgl-burat,burat,tgl,Tagalog / Filipino,n,slang,3,strong,sexual-anatomy|expletive,False,,False,penis (vulgar); in street slang also 'blind drunk',,burats,,,,,"Hiligaynon/Ilonggo 'burat' = drunk (mild colloquial), not anatomical",,high,wp|lingopie
tgl-buwaya,buwaya,tgl,Tagalog / Filipino,n,standard,2,moderate,animal-comparison,False,,True,'crocodile' — corrupt / greedy (esp. politicians),,,,,,,,,high,model
tgl-buwisit,buwisit,tgl,Tagalog / Filipino,adj,standard,1,mild,expletive,False,,False,jinx; annoyance — 'damn nuisance',,bwisit|bwiset|buset|nakakabuwisit|bwisit na buhay,,,Hokkien 'bo-ui-sit' (without clothes or food),,,ceb,high,wp|lingopie|talkbisaya
tgl-chaka,chaka,tgl,Tagalog / Filipino,adj,slang,1,mild,insult-appearance,False,,False,ugly (swardspeak / gay lingo),,chakang chaka,,,,,'tsaka' (= and then) is an innocent near-homograph,,high,model
tgl-conyo,conyo,tgl,Tagalog / Filipino,n,slang,1,mild,insult-character,False,,True,"posh code-switching rich kid; pretentious upper-class mannerism (teasing, classist)",,konyo|conyo kids,,,Spanish 'coño' (cunt) — meaning shifted completely in Manila usage,In Chavacano/Spanish the source word is strongly vulgar; in Manila slang it is a mild class tease.,,,high,model|bienchabacano
tgl-demonyo,demonyo,tgl,Tagalog / Filipino,n,standard,1,mild,religious,False,,False,devil; 'demonyo ka' = you devil,,demonyo ka|demonyong,,,Spanish 'demonio',,,ceb|hil|war,high,gelhmo|model
tgl-ebak,ebak,tgl,Tagalog / Filipino,n,slang,1,mild,scatological,False,,False,poop (street slang),,umebak,,,,,,,high,model
tgl-engot,engot,tgl,Tagalog / Filipino,adj,slang,2,moderate,insult-intelligence,False,,False,dimwit,,,,,,,,,high,model
tgl-epal,epal,tgl,Tagalog / Filipino,adj,slang,1,mild,insult-character,False,,False,attention-grabber; scene-stealer (from 'pumapapel'),,epal ka|kaepalan,,,,,,,high,model
tgl-gago,gago,tgl,Tagalog / Filipino,adj,standard,2,moderate,insult-intelligence,False,,False,stupid; fool; jerk,,gaga|gagu|gags|gagi|ogag|gagong|kagaguhan|nakakagago|gago ka,,,Spanish 'gago' (stutterer),'gaga' is the feminine form. On KBP broadcast auto-censor lists. Escalates with 'mo'/'ka' or with putang-ina compounds.,"substring traps: 'magaganda' (beautiful, pl.), 'kagagawan' (deed), 'Lady Gaga' — use word boundaries",ceb|hil|pam,high,wp|lingopie|spotph
tgl-gunggong,gunggong,tgl,Tagalog / Filipino,adj,standard,2,moderate,insult-intelligence,False,,False,stupid; blockhead,,,,,,,,,high,model
tgl-hangal,hangal,tgl,Tagalog / Filipino,adj,formal,2,moderate,insult-intelligence,False,,False,fool; ignoramus (literary/formal register),,,,,,"Formal-register insult — appears in literature, sermons, and editorials.",,,high,model
tgl-hayop,hayop,tgl,Tagalog / Filipino,n,standard,2,moderate,animal-comparison|expletive,False,,True,'animal!' — beastly person; also an expletive of frustration,,hayup|hayop ka|mga hayop,,,,Innocent literal sense 'animal'; profane only when directed or exclaimed.,,,high,wp|lingopie
tgl-hinayupak,hinayupak,tgl,Tagalog / Filipino,n,standard,3,strong,animal-comparison,False,,False,beastly person; son of a beast,,hinayupak ka,,,from 'hayop' (animal),,,,high,wp|lingopie
tgl-hindot,hindot,tgl,Tagalog / Filipino,v,standard,3,strong,sexual-act|expletive,False,,False,to fuck; also an expletive of disgust,,hindutan|hinindot|indot|hindot ka,,,,,,,high,wp
tgl-hudas,hudas,tgl,Tagalog / Filipino,n,standard,2,moderate,religious|insult-character,False,,False,Judas — traitor,,hudas ka,,,,,,,high,lingopie
tgl-hunghang,hunghang,tgl,Tagalog / Filipino,adj,formal,2,moderate,insult-intelligence,False,,False,foolish; senseless (literary register),,,,,,,,,high,model
tgl-impakta,impakta,tgl,Tagalog / Filipino,n,standard,2,moderate,insult-character|religious,False,,False,she-demon; wicked woman,,impakto,,,,,,,medium,model
tgl-intsik,intsik,tgl,Tagalog / Filipino,n,standard,2,moderate,slur-ethnic,True,ethnic,True,for Chinese / Chinese-Filipinos; dated everyday word now considered derogatory ('Tsinoy' preferred),,intsik beho|intsik beho tulo laway,,,Hokkien 'in chek' (his uncle),'Intsik beho tulo laway' is a schoolyard taunt — severity 3-4.,,,high,model
tgl-inutil,inutil,tgl,Tagalog / Filipino,adj,standard,2,moderate,insult-character,False,,False,useless; good-for-nothing,,,,,Spanish 'inutil',Acceptable even in formal scolding registers.,,ceb,high,talkbisaya|model
tgl-iskwater,iskwater,tgl,Tagalog / Filipino,n,slang,2,moderate,slur-classist,True,classist,True,'squatter' (informal settler) used as a class insult,,skwater|squatter ka|mukhang iskwater,,,,,,,high,model
tgl-jakol,jakol,tgl,Tagalog / Filipino,v,slang,3,strong,sexual-act,False,,False,"to masturbate (male, vulgar)",,dyakol|jakolero|nagjajakol|jinakol,,masturbesyon (clinical loan),,,,,high,wp
tgl-jebs,jebs,tgl,Tagalog / Filipino,n,slang,1,mild,scatological,False,,False,poop (swardspeak),,mag-jebs|jebs na jebs,,,,,,,medium,model
tgl-jologs,jologs,tgl,Tagalog / Filipino,adj,slang,2,moderate,slur-classist,True,classist,False,low-class; tacky (dated 2000s slang),,,,,,,,,high,model
tgl-kadyot,kadyot,tgl,Tagalog / Filipino,v,slang,3,strong,sexual-act,False,,True,to hump / quickie (vulgar slang),,kadyutan|isang kadyot,,,,Older/rural literal sense 'sudden jerk' survives in set phrases; assume vulgar in modern usage.,,,high,model
tgl-kainin-mo-tae-ko,kainin mo ang tae ko,tgl,Tagalog / Filipino,phrase,standard,3,strong,scatological|insult-character,False,,False,eat my shit,,kainin mo tae ko|kumain ka ng tae,,,,,,,high,lingopie
tgl-kalapating-mababa,kalapating mababa ang lipad,tgl,Tagalog / Filipino,phrase,euphemism,2,moderate,sex-work,False,,False,'low-flying dove' — press euphemism for a prostitute,,,,,,,,,high,model
tgl-kantot,kantot,tgl,Tagalog / Filipino,v,standard,3,strong,sexual-act,False,,False,to fuck; sexual intercourse (vulgar),,kantutan|kinantot|kantutin|kakantutin|nakantot|kantot mo,,pagtatalik / pakikipagtalik (formal 'intercourse'),,Severity 4 when used as a directed threat (e.g. 'kakantutin kita').,,,high,wp
tgl-kantotero,kantotero,tgl,Tagalog / Filipino,n,slang,3,strong,sexual-act|insult-character,False,,False,someone who sleeps around (male); womanizer (vulgar),,kantotera,,,,,,,high,model
tgl-kapalmuks,kapalmuks,tgl,Tagalog / Filipino,adj,slang,1,mild,insult-character,False,,False,thick-faced; shameless (from 'makapal ang mukha'),,makapal ang mukha|kapal muks|kapal ng mukha mo,,,,,,,high,model
tgl-kiki,kiki,tgl,Tagalog / Filipino,n,slang,3,strong,sexual-anatomy,False,,False,vagina (slang),,,,,,,'kiki' in ballroom/drag slang = a party/gossip session; also a common pet name,,high,wp
tgl-kupal,kupal,tgl,Tagalog / Filipino,n,slang,3,strong,insult-character|sexual-anatomy,False,,False,asshole; jerk (literally 'smegma'),smegma,kupal ka,,,,,,,high,lingopie
tgl-leche,leche,tgl,Tagalog / Filipino,intj,standard,2,moderate,expletive,False,,False,damn (literally 'milk'),,letse|leche ka|letseng|lecheng,,,Spanish 'me cago en la leche'; popularized during the Spanish era,,'leche flan' (the dessert) is innocent — phrase-level exception needed,,high,wp|lingopie|spotph
tgl-libog,libog,tgl,Tagalog / Filipino,n,standard,2,moderate,sexual-general,False,,False,lust; horniness (vulgar in Tagalog),,malibog|kalibugan|libugan,,,,,Cebuano/Bisaya 'libog' = confused — completely innocent; a classic cross-language trap,,high,model
tgl-linta,linta,tgl,Tagalog / Filipino,n,standard,1,mild,animal-comparison,False,,True,'leech' — exploiter,,,,,,,,,medium,model
tgl-lintik,lintik,tgl,Tagalog / Filipino,intj,standard,1,mild,expletive|malediction,False,,False,'lightning!' — damn; may lightning strike you,,lintek|lintik ka|malilintikan ka,,,,'Malilintikan ka sa akin' (you'll get it from me) is a severity-2 threat form.,,,high,wp|lingopie
tgl-loko,loko,tgl,Tagalog / Filipino,adj,standard,1,mild,insult-mental,False,,True,crazy; trickster,,loka|loko-loko|luko-luko|loko ka,,,Spanish 'loco',Very often playful/affectionate ('loko ka talaga!'); rarely worth blocking alone.,,,high,model
tgl-maharot,maharot,tgl,Tagalog / Filipino,adj,standard,2,moderate,insult-character|sexual-general,False,,False,wild / flirty (of a woman); unruly,,,,,,,,,medium,model
tgl-malandi,malandi,tgl,Tagalog / Filipino,adj,standard,2,moderate,insult-character|sexual-general,False,,False,"flirty / promiscuous (gendered sting, usually aimed at women)",,landi|lumalandi|malandi ka|pagkalandi,,,,,,,high,model
tgl-mangmang,mangmang,tgl,Tagalog / Filipino,adj,formal,2,moderate,insult-intelligence,False,,False,ignorant; unlettered (formal register),,kamangmangan,,,,,,,high,model
tgl-ngongo,ngongo,tgl,Tagalog / Filipino,n,standard,3,strong,slur-ableist,True,ableist,False,mocks hypernasal / cleft-palate speech,,,,,,,,,high,model
tgl-nognog,nognog,tgl,Tagalog / Filipino,n,slang,3,strong,slur-ethnic|insult-appearance,True,ethnic,False,mocks dark skin (colorist slur),,,,,,,,,high,model
tgl-pak,pak,tgl,Tagalog / Filipino,intj,euphemism,1,mild,expletive,False,,True,minced 'fuck' — dang; also a meme interjection,,pak!|pak ganern,,,,,,,high,model
tgl-pakshet,pakshet,tgl,Tagalog / Filipino,intj,slang,2,moderate,expletive,False,,False,fuck-shit blend — damn it,,pak shet|pakshet ka,,,Portmanteau of English 'fuck' + 'shit'; popularized by the 2002 film 'Jologs',,,,high,wp|lingopie
tgl-pakyu,pakyu,tgl,Tagalog / Filipino,intj,slang,3,strong,expletive,False,,False,fuck you (localized spelling),,pak yu|pakyu ka|fakyu,,,,,,,high,lingopie
tgl-pandak,pandak,tgl,Tagalog / Filipino,adj,standard,1,mild,insult-appearance,False,,True,shorty,,,,,,,,,high,model
tgl-pangit,pangit,tgl,Tagalog / Filipino,adj,standard,1,mild,insult-appearance,False,,True,ugly,,panget|pangit mo,,,,Also an innocent descriptor of things ('pangit ang lasa' = tastes bad); severity 2 when aimed at a person.,,,high,model
tgl-patutot,patutot,tgl,Tagalog / Filipino,n,standard,3,strong,sex-work,False,,False,"prostitute (dated, derogatory)",,,,,,,,,high,model
tgl-pekpek,pekpek,tgl,Tagalog / Filipino,n,slang,3,strong,sexual-anatomy,False,,False,vagina (slang),,pek-pek,,,,'pekpek shorts' (very short shorts) is established fashion slang — partially lexicalized.,,,high,wp|model
tgl-pepe,pepe,tgl,Tagalog / Filipino,n,slang,2,moderate,sexual-anatomy,False,,True,vagina (child register / slang),,,,,,,Spanish nickname 'Pepe' (for Jose); Pepe the Frog meme,,high,wp|model
tgl-peste,peste,tgl,Tagalog / Filipino,intj,standard,1,mild,expletive,False,,False,pest! — damn,,pesteng,,,Spanish 'peste' (plague),,,ceb|hil|war,high,model
tgl-plastik,plastik,tgl,Tagalog / Filipino,adj,slang,1,mild,insult-character,False,,True,fake; two-faced,,,,,,Literal 'plastic' is innocent.,,,high,model
tgl-pokpok,pokpok,tgl,Tagalog / Filipino,n,slang,3,strong,sex-work|slur-sexist,True,sexist,True,"prostitute (derogatory, gendered)",,,,,,,'pokpok' also means 'to hammer/pound' — innocent literal sense,,high,model
tgl-praning,praning,tgl,Tagalog / Filipino,adj,slang,1,mild,insult-mental,False,,False,paranoid; jumpy-crazy (from 'paranoid'),,,,,,,,,high,model
tgl-promdi,promdi,tgl,Tagalog / Filipino,n,slang,2,moderate,slur-classist,True,classist,True,'from the province' — provincial rube,,,,,,Sometimes a neutral or proud self-label; hostile when aimed at others.,,,high,model
tgl-pucha,pucha,tgl,Tagalog / Filipino,expr,euphemism,1,mild,expletive,False,,False,minced 'puta' — darn / shoot,,putsa|pucha naman|puchang,,,,,,,high,lingopie|model
tgl-puke,puke,tgl,Tagalog / Filipino,n,standard,3,strong,sexual-anatomy,False,,False,vagina (vulgar),,puki|pukeng,mani|bibingka|bulaklak,ari ng babae / kaselanan (formal); 'vagina' as clinical loan,,,English 'puke' (to vomit) is innocent — language context required,,high,wp|lingopie
tgl-puke-ng-ina-mo,puke ng ina mo,tgl,Tagalog / Filipino,phrase,standard,4,severe,sexual-anatomy|family-honor,False,,False,your mother's vagina,,puking ina mo|pukinginamo,,,,,,,high,lingopie
tgl-punyeta,punyeta,tgl,Tagalog / Filipino,intj,standard,3,strong,expletive,False,,False,damn it; (of a person) asshole,,punieta|punyeta ka|mga punyeta kayo|punyemas,,,Spanish 'puñeta','punyemas' is a minced variant (severity 1).,,,high,wp|lingopie
tgl-puta,puta,tgl,Tagalog / Filipino,n,standard,3,strong,expletive|sex-work,False,,False,whore; as interjection 'damn / fuck',,pota|putah|mga puta|putang,pucha|putsa|putik|potek,,Spanish 'puta',Severity rises to 4 when aimed at a person (esp. a woman) rather than used as an interjection.,"'puto' (rice cake) and 'putahe' (dish, fr. Sp. potaje) are innocent|substring collisions: disputa, reputasyon, deputado, Putatan (place)",ceb|ilo|hil|war|bcl|pam|pag|cbk,high,wp|lingopie
tgl-putang-ina,putang ina,tgl,Tagalog / Filipino,phrase,standard,4,severe,expletive|family-honor,False,,False,your mother is a whore; as interjection works like English 'fuck!',whore (is your) mother,putangina|putang-ina|putang ina mo|putanginamo|tang ina|tangina|tang-ina|tangina mo|tanginamo|tangna|ptangina|pukinangina|kingina|kinangina|pi|p.i.,pucha|putsa|putik|potek|putragis|taena,,Spanish 'puta' (whore) + Tagalog 'ina' (mother),"The strongest and most common Filipino curse; usually a non-literal intensifier (PH Supreme Court held it non-literal, 1969 & 2006). On broadcast auto-censor lists. Understood and used nationwide across all Philippine languages. Short forms 'pi'/'p.i.' need word-boundary matching to avoid false positives.",,ceb|ilo|hil|war|bcl|pam|pag|cbk,high,wp|lingopie|spotph
tgl-putik,putik,tgl,Tagalog / Filipino,expr,euphemism,1,mild,expletive,False,,True,minced 'puta'; literally 'mud',mud,potek|putek,,,,Literal sense 'mud' is innocent; expletive only by intonation/context.,,,high,lingopie|model
tgl-putragis,putragis,tgl,Tagalog / Filipino,expr,euphemism,1,mild,expletive,False,,False,minced 'putang ina' — dang it,,potragis,,,,,,,high,lingopie|model
tgl-salbahe,salbahe,tgl,Tagalog / Filipino,adj,standard,2,moderate,insult-character,False,,False,cruel; brutish; naughty,,salbaheng,,,Spanish 'salvaje' (savage),,,,high,model
tgl-salot,salot,tgl,Tagalog / Filipino,n,standard,2,moderate,insult-character,False,,False,plague; scourge (of a person),,,,,,,,,high,model
tgl-salsal,salsal,tgl,Tagalog / Filipino,v,slang,3,strong,sexual-act,False,,False,to masturbate (vulgar),,sinalsal|salsalero|nagsasalsal,,,,,,,high,wp
tgl-sanamagan,sanamagan,tgl,Tagalog / Filipino,intj,euphemism,1,mild,expletive,False,,False,Filipinized minced 'son of a gun/bitch',,sonamagan,,,,,,,medium,model
tgl-shet,shet,tgl,Tagalog / Filipino,intj,slang,1,mild,expletive,False,,False,Filipinized 'shit' (much softened),,syet|shets|shocks|shux|sheeet,,,,'shocks'/'shux' are further-minced forms.,,,high,lingopie
tgl-shonget,shonget,tgl,Tagalog / Filipino,adj,slang,1,mild,insult-appearance,False,,False,ugly (swardspeak),,,,,,,,,medium,model
tgl-shunga,shunga,tgl,Tagalog / Filipino,adj,slang,1,mild,insult-intelligence,False,,False,silly; dim (playful youth/swardspeak slang),,shunga-shunga|shongaks,,,,,,,high,model
tgl-sipsip,sipsip,tgl,Tagalog / Filipino,n,slang,1,mild,insult-character,False,,True,bootlicker; suck-up,,,,,,Literal 'to sip/suck' is innocent.,,,high,model
tgl-sira-ulo,sira-ulo,tgl,Tagalog / Filipino,adj,standard,2,moderate,insult-mental,False,,False,crazy; 'broken-headed',,sira ulo|sira ang ulo|sira-ulo ka,,,,,,,high,lingopie
tgl-supot,supot,tgl,Tagalog / Filipino,adj,slang,2,moderate,masculinity-taunt,False,,True,uncircumcised — manhood/hygiene taunt,,,,,,Tied to the 'tuli' (circumcision) rite; taunt implies immaturity.,'supot' = paper/plastic bag — an extremely common innocent word,,high,wp|lingopie
tgl-susmaryosep,susmaryosep,tgl,Tagalog / Filipino,intj,euphemism,1,mild,religious,False,,False,Jesus-Mary-Joseph! (minced oath),,sus|susmariosep|hesusmaryosep,,,,"Mildly irreverent interjection, not an insult; 'sus' now also mimics English 'sus' (suspicious).",,,high,wp|lingopie
tgl-tabachoy,tabachoy,tgl,Tagalog / Filipino,n,slang,2,moderate,insult-appearance,False,,False,fatty,,tabatsoy|tabachingching,,,,Bare 'taba' (fat) is innocent; the -choy forms are teasing-to-derogatory.,,,high,model
tgl-tae,tae,tgl,Tagalog / Filipino,n,standard,1,mild,scatological,False,,False,shit (milder than the English word),,taeng|tae!,,dumi (formal); 'pagtae/pagtatae' are clinical and innocent,,,,,high,wp
tgl-taena,taena,tgl,Tagalog / Filipino,expr,euphemism,2,moderate,expletive|scatological,False,,False,minced 'putang ina' via 'tae' (shit),,teyna|tae na,,,,,,,high,wp|model
tgl-tanga,tanga,tgl,Tagalog / Filipino,adj,standard,2,moderate,insult-intelligence,False,,False,stupid; dimwit,,katangahan|tangang|tanga ka ba|tangengot,,,,'tangengot' is a jokey softened variant (severity 1).,Spanish/Portuguese 'tanga' = thong; Malay 'tangga' = ladder,,high,lingopie|wp
tgl-tarantado,tarantado,tgl,Tagalog / Filipino,adj,standard,2,moderate,insult-character,False,,False,jerk; scoundrel; out-of-line,,tarantada|tarantadong|taranta,,,Spanish 'atarantado' (dazed),,,pam,high,wp|lingopie
tgl-timang,timang,tgl,Tagalog / Filipino,adj,slang,1,mild,insult-mental,False,,False,crazy; scatterbrained (Batangas/Southern Tagalog regionalism),,,,,,,,,medium,model
tgl-tinggil,tinggil,tgl,Tagalog / Filipino,n,standard,3,strong,sexual-anatomy,False,,False,clitoris (vulgar),,,,klitoris (clinical loan),,,,,high,wp
tgl-titi,titi,tgl,Tagalog / Filipino,n,standard,3,strong,sexual-anatomy,False,,False,penis (vulgar),,etits,saging|ahas|talong,ari ng lalaki (formal); 'penis' as clinical loan,,'etits' is syllable-inverted street slang.,,,high,wp|model
tgl-tomboy,tomboy,tgl,Tagalog / Filipino,n,standard,1,mild,slur-homophobic,True,homophobic,True,lesbian / masculine woman — usually neutral colloquial,,,,,,Differs from the English sense; generally not hostile by itself.,,,high,model
tgl-tsupa,tsupa,tgl,Tagalog / Filipino,v,slang,3,strong,sexual-act,False,,False,fellatio; to give oral sex (vulgar),,chupa|tsupaan|tsinupa,,,Spanish 'chupar' (to suck),,,,high,wp
tgl-ugok,ugok,tgl,Tagalog / Filipino,adj,standard,2,moderate,insult-intelligence,False,,False,dolt; slow,,,,,,,,,high,wp
tgl-ulol,ulol,tgl,Tagalog / Filipino,adj,standard,2,moderate,insult-mental,False,,False,crazy; rabid-mad,,ulul|naulol|ulol ka,,,,Implies madness rather than mere stupidity; on KBP broadcast censor lists. Stigmatizes mental illness.,,,high,wp|lingopie
tgl-ulupong,ulupong,tgl,Tagalog / Filipino,n,standard,2,moderate,animal-comparison,False,,False,'pit viper' — treacherous person (literary flavor),,,,,,,,,high,model
tgl-ungas,ungas,tgl,Tagalog / Filipino,adj,standard,2,moderate,insult-intelligence,False,,False,dimwit; bonehead,,,,,,,,,high,lingopie
tgl-unggoy,unggoy,tgl,Tagalog / Filipino,n,standard,2,moderate,animal-comparison,False,,True,'monkey' — mocking; racist when aimed at ethnicity or appearance,,,,,,,,,high,model
tgl-utot,utot,tgl,Tagalog / Filipino,n,standard,1,mild,scatological,False,,True,fart,,,,,,Childish rather than offensive in most contexts; 'utot mo!' dismisses someone's claim.,,,high,model
tgl-walang-hiya,walang hiya,tgl,Tagalog / Filipino,phrase,standard,2,moderate,insult-character,False,,False,shameless — a deep cultural rebuke,,walanghiya|walang-hiya|walang hiya ka|kawalanghiyaan,,,,Tied to the core value of 'hiya' (social shame/face); described as an ultimate 'loob'-wounding remark that cuts across social classes.,,,high,wp|lingopie
tgl-walang-kwenta,walang kwenta,tgl,Tagalog / Filipino,phrase,standard,2,moderate,insult-character,False,,False,worthless,,walang kuwenta|walang kwentang tao,,,,,,,high,lingopie
war-badi,badi,war,Waray-Waray,n,slang,1,mild,slur-homophobic,True,homophobic,True,"gay man (colloquial; usually neutral, hostile only in context)",,,,,,,,,medium,model
war-iroy-nga-yawa,iroy nga yawa,war,Waray-Waray,phrase,standard,3,strong,family-honor|religious,False,,False,devil's mother — strong Waray curse; 'iroy' (mother) is itself rude in casual speech,,iroy mo|iroy nga yawa!|ka iroy,,,,"'iroy' is formal/literary for 'mother' (e.g. 'Iroy nga Tuna', motherland) but offensive in casual address — a register-flip unique to Waray.",,,high,warayblogger
war-lurong,lurong,war,Waray-Waray,adj,standard,2,moderate,insult-mental,False,,False,crazy,,ka lurong|lurong ka,,,,,,,medium,model
war-puday,puday,war,Waray-Waray,n,standard,3,strong,sexual-anatomy,False,,False,vagina (vulgar),,puday mo,,,,,,,medium,model
